AAA,ARM,bogomips,76.80
AAA,ARM,Cores,0
AAA,ARM,hyperthreads,0
AAA,ARM,MHz,not-set
AAA,ARM,ProcessorChips,0
AAA,ARM,VendorId,not-set
AAA,ARM,VirtualCPUs,4
AAA,cpus,4
AAA,date,15-APR-2020
AAA,disks,5,
AAA,disks_per_line,150
AAA,host,raspberrypi
AAA,interval,1
AAA,proc_stat_variables,8
AAA,progname,nmon
AAA,runname,raspberrypi
AAA,snapshots,10
AAA,time,12:18.48
AAA,user,root
AAA,version,16h
BBBP,000,/etc/release
BBBP,003,/etc/release,"VERSION_ID=Q10Q"
BBBP,005,/etc/release,"VERSION_CODENAME=buster"
BBBP,006,/etc/release,"ID=raspbian"
BBBP,007,/etc/release,"ID_LIKE=debian"
BBBP,008,/etc/release,"HOME_URL=Qhttp://www.raspbian.org/Q"
BBBP,009,/etc/release,"SUPPORT_URL=Qhttp://www.raspbian.org/RaspbianForumsQ"
BBBP,010,/etc/release,"BUG_REPORT_URL=Qhttp://www.raspbian.org/RaspbianBugsQ"
BBBP,011,lsb_release
BBBP,012,fdisk-l
BBBP,017,fdisk-l,""
BBBP,018,fdisk-l,""
BBBP,023,fdisk-l,""
BBBP,024,fdisk-l,""
BBBP,029,fdisk-l,""
BBBP,030,fdisk-l,""
BBBP,035,fdisk-l,""
BBBP,036,fdisk-l,""
BBBP,041,fdisk-l,""
BBBP,042,fdisk-l,""
BBBP,047,fdisk-l,""
BBBP,048,fdisk-l,""
BBBP,053,fdisk-l,""
BBBP,054,fdisk-l,""
BBBP,059,fdisk-l,""
BBBP,060,fdisk-l,""
BBBP,065,fdisk-l,""
BBBP,066,fdisk-l,""
BBBP,071,fdisk-l,""
BBBP,072,fdisk-l,""
BBBP,077,fdisk-l,""
BBBP,078,fdisk-l,""
BBBP,083,fdisk-l,""
BBBP,084,fdisk-l,""
BBBP,089,fdisk-l,""
BBBP,090,fdisk-l,""
BBBP,095,fdisk-l,""
BBBP,096,fdisk-l,""
BBBP,101,fdisk-l,""
BBBP,102,fdisk-l,""
BBBP,107,fdisk-l,""
BBBP,108,fdisk-l,""
BBBP,115,fdisk-l,""
BBBP,119,fdisk-l,""
BBBP,120,fdisk-l,""
BBBP,128,fdisk-l,""
BBBP,131,lsblk
BBBP,132,lscpu
BBBP,148,lshw
BBBP,149,/proc/cpuinfo
BBBP,159,/proc/cpuinfo,""
BBBP,169,/proc/cpuinfo,""
BBBP,179,/proc/cpuinfo,""
BBBP,189,/proc/cpuinfo,""
BBBP,194,/proc/meminfo
BBBP,232,/proc/stat
BBBP,245,/proc/version
BBBP,247,/proc/net/dev
BBBP,253,/proc/diskinfo
BBBP,254,/proc/diskstats
BBBP,284,/sbin/multipath
BBBP,285,/dev/mapper
BBBP,288,/dev/mpath
BBBP,289,/dev/dm-*
BBBP,290,/dev/md*
BBBP,291,/dev/sd*
BBBP,294,/proc/partitions
BBBP,296,/proc/partitions,""
BBBP,318,/proc/1/stat
BBBP,320,/proc/net/rpc/nfs
BBBP,326,/proc/net/rpc/nfsd
BBBP,327,/proc/modules
BBBP,376,ifconfig
BBBP,386,ifconfig,""
BBBP,395,ifconfig,""
BBBP,396,/bin/df-m
BBBP,407,/bin/mount
BBBP,439,/etc/fstab
BBBP,450,uptime
CPU001,T0001,2.4,4.0,0.0,93.5,0.0
CPU001,T0002,12.4,1.9,0.0,85.7,0.0
CPU001,T0003,16.0,1.9,0.0,82.1,0.0
CPU001,T0004,4.0,4.0,0.0,91.9,0.0
CPU001,T0005,1.0,0.0,0.0,99.0,0.0
CPU001,T0006,0.0,1.0,1.0,98.1,0.0
CPU001,T0007,0.0,1.0,0.0,99.0,0.0
CPU001,T0008,0.0,0.0,0.0,100.0,0.0
CPU001,T0009,0.0,0.0,0.0,100.0,0.0
CPU001,T0010,0.0,1.0,0.0,99.0,0.0
CPU002,T0001,7.1,3.2,0.0,89.7,0.0
CPU002,T0002,2.0,0.0,0.0,98.0,0.0
CPU002,T0003,6.7,2.9,0.0,90.5,0.0
CPU002,T0004,7.5,1.9,0.0,90.6,0.0
CPU002,T0005,4.9,1.9,0.0,93.2,0.0
CPU002,T0006,1.9,1.9,0.0,96.2,0.0
CPU002,T0007,0.0,0.0,0.0,100.0,0.0
CPU002,T0008,7.8,1.0,0.0,91.2,0.0
CPU002,T0009,0.0,1.0,0.0,99.0,0.0
CPU002,T0010,3.8,0.0,0.0,96.2,0.0
CPU003,T0001,5.7,6.6,0.0,87.7,0.0
CPU003,T0002,1.9,0.0,0.0,98.1,0.0
CPU003,T0003,0.0,0.0,0.0,100.0,0.0
CPU003,T0004,0.0,1.0,0.0,99.0,0.0
CPU003,T0005,2.0,0.0,0.0,98.0,0.0
CPU003,T0006,5.8,1.9,0.0,92.3,0.0
CPU003,T0007,1.0,0.0,0.0,99.0,0.0
CPU003,T0008,0.0,1.0,0.0,99.0,0.0
CPU003,T0009,7.7,1.0,0.0,91.3,0.0
CPU003,T0010,7.9,0.0,0.0,92.1,0.0
CPU004,T0001,7.1,7.1,0.0,85.8,0.0
CPU004,T0002,6.9,5.9,0.0,87.3,0.0
CPU004,T0003,3.0,4.0,0.0,93.0,0.0
CPU004,T0004,3.0,3.0,0.0,94.1,0.0
CPU004,T0005,1.9,3.8,0.0,94.3,0.0
CPU004,T0006,0.0,6.7,0.0,93.3,0.0
CPU004,T0007,8.9,2.0,0.0,89.1,0.0
CPU004,T0008,2.9,2.9,0.0,94.2,0.0
CPU004,T0009,1.0,2.9,0.0,96.2,0.0
CPU004,T0010,1.9,3.8,0.0,94.2,0.0
CPU_ALL,T0001,5.6,5.2,0.0,89.2,0.0,,4
CPU_ALL,T0002,5.8,1.9,0.0,92.2,0.0,,4
CPU_ALL,T0003,6.5,2.2,0.0,91.3,0.0,,4
CPU_ALL,T0004,3.7,2.4,0.0,93.9,0.0,,4
CPU_ALL,T0005,2.4,1.5,0.0,96.1,0.0,,4
CPU_ALL,T0006,1.9,2.9,0.0,95.2,0.0,,4
CPU_ALL,T0007,2.4,0.7,0.0,96.8,0.0,,4
CPU_ALL,T0008,2.7,1.2,0.0,96.1,0.0,,4
CPU_ALL,T0009,2.2,1.2,0.0,96.6,0.0,,4
CPU_ALL,T0010,3.4,1.2,0.0,95.4,0.0,,4
DISKBSIZE,T0001,0.0,0.0,0.0,0.0,0.0
DISKBSIZE,T0002,0.0,0.0,0.0,0.0,0.0
DISKBSIZE,T0003,4.0,0.0,4.0,0.0,0.0
DISKBSIZE,T0004,0.0,0.0,0.0,0.0,0.0
DISKBSIZE,T0005,0.0,0.0,0.0,0.0,0.0
DISKBSIZE,T0006,18.0,0.0,18.0,0.0,0.0
DISKBSIZE,T0007,0.0,0.0,0.0,0.0,0.0
DISKBSIZE,T0008,0.0,0.0,0.0,0.0,0.0
DISKBSIZE,T0009,0.0,0.0,0.0,0.0,0.0
DISKBSIZE,T0010,0.0,0.0,0.0,0.0,0.0
DISKBUSY,T0001,0.0,0.0,0.0,0.0,0.0
DISKBUSY,T0002,0.0,0.0,0.0,0.0,0.0
DISKBUSY,T0003,0.0,0.0,0.0,0.0,0.0
DISKBUSY,T0004,0.0,0.0,0.0,0.0,0.0
DISKBUSY,T0005,0.0,0.0,0.0,0.0,0.0
DISKBUSY,T0006,1.0,0.0,1.0,0.0,0.0
DISKBUSY,T0007,0.0,0.0,0.0,0.0,0.0
DISKBUSY,T0008,0.0,0.0,0.0,0.0,0.0
DISKBUSY,T0009,0.0,0.0,0.0,0.0,0.0
DISKBUSY,T0010,0.0,0.0,0.0,0.0,0.0
DISKREAD,T0001,0.0,0.0,0.0,0.0,0.0
DISKREAD,T0002,0.0,0.0,0.0,0.0,0.0
DISKREAD,T0003,0.0,0.0,0.0,0.0,0.0
DISKREAD,T0004,0.0,0.0,0.0,0.0,0.0
DISKREAD,T0005,0.0,0.0,0.0,0.0,0.0
DISKREAD,T0006,0.0,0.0,0.0,0.0,0.0
DISKREAD,T0007,0.0,0.0,0.0,0.0,0.0
DISKREAD,T0008,0.0,0.0,0.0,0.0,0.0
DISKREAD,T0009,0.0,0.0,0.0,0.0,0.0
DISKREAD,T0010,0.0,0.0,0.0,0.0,0.0
DISKWRITE,T0001,0.0,0.0,0.0,0.0,0.0
DISKWRITE,T0002,0.0,0.0,0.0,0.0,0.0
DISKWRITE,T0003,3.8,0.0,3.8,0.0,0.0
DISKWRITE,T0004,0.0,0.0,0.0,0.0,0.0
DISKWRITE,T0005,0.0,0.0,0.0,0.0,0.0
DISKWRITE,T0006,34.4,0.0,34.4,0.0,0.0
DISKWRITE,T0007,0.0,0.0,0.0,0.0,0.0
DISKWRITE,T0008,0.0,0.0,0.0,0.0,0.0
DISKWRITE,T0009,0.0,0.0,0.0,0.0,0.0
DISKWRITE,T0010,0.0,0.0,0.0,0.0,0.0
DISKXFER,T0001,0.0,0.0,0.0,0.0,0.0
DISKXFER,T0002,0.0,0.0,0.0,0.0,0.0
DISKXFER,T0003,1.0,0.0,1.0,0.0,0.0
DISKXFER,T0004,0.0,0.0,0.0,0.0,0.0
DISKXFER,T0005,0.0,0.0,0.0,0.0,0.0
DISKXFER,T0006,1.9,0.0,1.9,0.0,0.0
DISKXFER,T0007,0.0,0.0,0.0,0.0,0.0
DISKXFER,T0008,0.0,0.0,0.0,0.0,0.0
DISKXFER,T0009,0.0,0.0,0.0,0.0,0.0
DISKXFER,T0010,0.0,0.0,0.0,0.0,0.0
JFSFILE,T0001,27.9,0.0,1.5,20.7,73.7
JFSFILE,T0002,27.9,0.0,1.5,20.7,73.7
JFSFILE,T0003,27.9,0.0,1.5,20.7,73.7
JFSFILE,T0004,27.9,0.0,1.5,20.7,73.7
JFSFILE,T0005,27.9,0.0,1.5,20.7,73.7
JFSFILE,T0006,27.9,0.0,1.5,20.7,73.7
JFSFILE,T0007,27.9,0.0,1.5,20.7,73.7
JFSFILE,T0008,27.9,0.0,1.5,20.7,73.7
JFSFILE,T0009,27.9,0.0,1.5,20.7,73.7
JFSFILE,T0010,27.9,0.0,1.5,20.7,73.7
MEM,T0001,926.1,-0.0,-0.0,100.0,48.1,-0.0,-0.0,88.2,-0.0,310.6,504.0,-1.0,46.5,2.2,280.0
MEM,T0002,926.1,-0.0,-0.0,100.0,48.1,-0.0,-0.0,88.2,-0.0,310.6,504.0,-1.0,46.5,2.2,280.0
MEM,T0003,926.1,-0.0,-0.0,100.0,47.3,-0.0,-0.0,88.2,-0.0,310.6,504.2,-1.0,46.5,2.2,280.0
MEM,T0004,926.1,-0.0,-0.0,100.0,47.3,-0.0,-0.0,88.2,-0.0,310.6,504.2,-1.0,46.5,2.2,280.0
MEM,T0005,926.1,-0.0,-0.0,100.0,47.4,-0.0,-0.0,88.2,-0.0,310.6,504.2,-1.0,46.5,2.2,280.0
MEM,T0006,926.1,-0.0,-0.0,100.0,47.4,-0.0,-0.0,88.2,-0.0,310.6,504.2,-1.0,46.5,2.2,280.0
MEM,T0007,926.1,-0.0,-0.0,100.0,47.6,-0.0,-0.0,88.2,-0.0,310.6,504.3,-1.0,46.5,2.2,280.0
MEM,T0008,926.1,-0.0,-0.0,100.0,47.6,-0.0,-0.0,88.2,-0.0,310.6,504.2,-1.0,46.5,2.2,280.0
MEM,T0009,926.1,-0.0,-0.0,100.0,47.6,-0.0,-0.0,88.2,-0.0,310.6,504.2,-1.0,46.5,2.2,280.0
MEM,T0010,926.1,-0.0,-0.0,100.0,47.6,-0.0,-0.0,88.2,-0.0,310.6,504.2,-1.0,46.5,2.2,280.0
NETPACKET,T0001,0.0,2.5,0.0,0.0,0.6,0.0
NETPACKET,T0002,0.0,1.0,0.0,0.0,0.0,0.0
NETPACKET,T0003,0.0,0.0,0.0,0.0,0.0,0.0
NETPACKET,T0004,0.0,0.0,0.0,0.0,1.0,0.0
NETPACKET,T0005,0.0,0.0,0.0,0.0,1.0,0.0
NETPACKET,T0006,0.0,0.0,0.0,0.0,1.0,0.0
NETPACKET,T0007,0.0,1.0,0.0,0.0,1.0,0.0
NETPACKET,T0008,0.0,0.0,0.0,0.0,0.0,0.0
NETPACKET,T0009,0.0,0.0,0.0,0.0,0.0,0.0
NETPACKET,T0010,0.0,0.0,0.0,0.0,0.0,0.0
NET,T0001,0.0,0.2,0.0,0.0,0.1,0.0
NET,T0002,0.0,0.0,0.0,0.0,0.0,0.0
NET,T0003,0.0,0.0,0.0,0.0,0.0,0.0
NET,T0004,0.0,0.0,0.0,0.0,0.2,0.0
NET,T0005,0.0,0.0,0.0,0.0,0.2,0.0
NET,T0006,0.0,0.0,0.0,0.0,0.2,0.0
NET,T0007,0.0,0.1,0.0,0.0,0.2,0.0
NET,T0008,0.0,0.0,0.0,0.0,0.0,0.0
NET,T0009,0.0,0.0,0.0,0.0,0.0,0.0
NET,T0010,0.0,0.0,0.0,0.0,0.0,0.0
PROC,T0001,1,0,0.0,-1.0,-1.0,-1.0,0.0,-1.0,-1.0,-1.0
PROC,T0002,1,0,1567.0,-1.0,-1.0,-1.0,0.0,-1.0,-1.0,-1.0
PROC,T0003,1,0,1303.2,-1.0,-1.0,-1.0,2.9,-1.0,-1.0,-1.0
PROC,T0004,1,0,1402.1,-1.0,-1.0,-1.0,2.9,-1.0,-1.0,-1.0
PROC,T0005,1,0,1038.2,-1.0,-1.0,-1.0,1.0,-1.0,-1.0,-1.0
PROC,T0006,1,0,1005.7,-1.0,-1.0,-1.0,2.9,-1.0,-1.0,-1.0
PROC,T0007,1,0,1078.9,-1.0,-1.0,-1.0,2.9,-1.0,-1.0,-1.0
PROC,T0008,2,0,1024.2,-1.0,-1.0,-1.0,2.9,-1.0,-1.0,-1.0
PROC,T0009,1,0,1012.7,-1.0,-1.0,-1.0,0.0,-1.0,-1.0,-1.0
PROC,T0010,1,0,1108.2,-1.0,-1.0,-1.0,3.8,-1.0,-1.0,-1.0
TOP,0000010,T0004,0.98,0.00,0.98,0,0,0,0,0,0,0,rcu_sched,1,0
TOP,0000044,T0003,0.95,0.00,0.95,0,0,0,0,0,0,0,kworker/u8:1-flush-179:0,1,0
TOP,0000330,T0010,0.96,0.00,0.96,1864,1196,16,300,1124,0,0,atopacctd,1,0
TOP,0000333,T0002,0.96,0.00,0.96,4320,1988,32,384,1840,0,0,thd,1,0
TOP,0000333,T0004,0.98,0.98,0.00,4320,1988,32,384,1840,0,0,thd,1,0
TOP,0000490,T0002,5.74,5.74,0.00,304920,81704,1900,115316,40748,0,0,Xorg,10,0
TOP,0000490,T0003,13.34,11.43,1.91,305072,81860,1900,115468,40752,2189,0,Xorg,10,0
TOP,0000490,T0004,1.95,1.95,0.00,305072,81860,1900,115468,40752,0,0,Xorg,10,0
TOP,0000490,T0005,0.96,0.96,0.00,305072,81860,1900,115468,40752,61,0,Xorg,10,0
TOP,0000490,T0010,0.96,0.96,0.00,305072,81860,1900,115468,40752,61,0,Xorg,10,0
TOP,0000648,T0003,3.81,0.95,2.86,149216,28308,116,63936,22160,632,0,lxpanel,4,0
TOP,0000648,T0004,0.98,0.00,0.98,149216,28308,116,63936,22160,176,0,lxpanel,4,0
TOP,0000648,T0007,1.91,0.95,0.95,149216,28308,116,63936,22160,168,0,lxpanel,4,0
TOP,0000648,T0008,0.96,0.96,0.00,149216,28308,116,63936,22160,161,0,lxpanel,4,0
TOP,0000648,T0010,0.96,0.96,0.00,149216,28308,116,63936,22160,166,0,lxpanel,4,0
TOP,0000653,T0002,4.79,2.87,1.91,160368,32632,188,55024,27024,0,0,pcmanfm,4,0
TOP,0000653,T0003,5.72,5.72,0.00,160368,32632,188,55024,27024,0,0,pcmanfm,4,0
TOP,0000653,T0004,2.93,2.93,0.00,160368,32632,188,55024,27024,0,0,pcmanfm,4,0
TOP,0000653,T0005,1.91,1.91,0.00,160368,32632,188,55024,27024,1,0,pcmanfm,5,0
TOP,0000653,T0010,2.87,2.87,0.00,160368,32632,188,55024,27024,0,0,pcmanfm,4,0
TOP,0001027,T0002,8.62,7.66,0.96,123588,38284,3672,92112,13004,0,0,thonny,5,0
TOP,0001027,T0003,2.86,2.86,0.00,123588,38284,3672,92112,13004,0,0,thonny,5,0
TOP,0001027,T0004,6.83,1.95,4.88,123588,38284,3672,92112,13004,0,0,thonny,5,0
TOP,0001027,T0005,6.70,5.74,0.96,123588,38284,3672,92112,13004,0,0,thonny,5,0
TOP,0001027,T0006,6.69,4.78,1.91,123588,38284,3672,92112,13004,0,0,thonny,5,0
TOP,0001027,T0007,5.72,5.72,0.00,123588,38284,3672,92112,13004,0,0,thonny,5,0
TOP,0001027,T0008,6.70,6.70,0.00,123588,38284,3672,92112,13004,0,0,thonny,5,0
TOP,0001027,T0009,6.70,5.74,0.96,123588,38284,3672,92112,13004,0,0,thonny,5,0
TOP,0001027,T0010,6.70,6.70,0.00,123588,38284,3672,92112,13004,0,0,thonny,5,0
TOP,0001279,T0002,1.91,1.91,0.00,79192,43024,3672,35548,16188,0,0,python3,2,0
TOP,0001279,T0003,1.91,1.91,0.00,79192,43024,3672,35548,16188,0,0,python3,2,0
TOP,0001279,T0004,0.98,0.98,0.00,79192,43024,3672,35548,16188,0,0,python3,2,0
TOP,0001279,T0005,1.91,1.91,0.00,79192,43024,3672,35548,16188,0,0,python3,2,0
TOP,0001279,T0006,2.87,0.96,1.91,79192,43024,3672,35548,16188,0,0,python3,2,0
TOP,0001279,T0007,1.91,1.91,0.00,79192,43024,3672,35548,16188,0,0,python3,2,0
TOP,0001279,T0008,1.91,0.96,0.96,79192,43024,3672,35548,16188,0,0,python3,2,0
TOP,0001279,T0009,0.96,0.96,0.00,79192,43024,3672,35548,16188,0,0,python3,2,0
TOP,0001279,T0010,1.91,1.91,0.00,79192,43024,3672,35548,16188,0,0,python3,2,0
TOP,0001596,T0002,1.91,1.91,0.00,86140,27380,52,39312,21260,0,0,lxterminal,3,0
TOP,0001596,T0003,0.95,0.95,0.00,86140,27380,52,39312,21260,3,0,lxterminal,3,0
TOP,0001726,T0002,1.91,1.91,0.00,542232,174256,95824,325528,93152,4,0,chromium-browse,28,0
TOP,0001726,T0004,1.95,1.95,0.00,542232,174256,95824,325528,93152,3,0,chromium-browse,28,0
TOP,0001726,T0006,0.96,0.00,0.96,542232,174256,95824,325528,93152,0,0,chromium-browse,28,0
TOP,0001726,T0008,0.96,0.00,0.96,542232,174256,95824,325528,93152,0,0,chromium-browse,28,0
TOP,0001788,T0004,0.98,0.00,0.98,249200,52664,95824,68900,40120,1,0,chromium-browse,6,0
TOP,0001993,T0002,0.96,0.96,0.00,405260,110640,95824,173628,59672,0,0,chromium-browse,11,0
TOP,0001993,T0005,0.96,0.96,0.00,405260,110640,95824,173628,59672,0,0,chromium-browse,11,0
TOP,0001993,T0008,0.96,0.96,0.00,405260,110640,95824,173628,59672,0,0,chromium-browse,11,0
TOP,0001993,T0010,0.96,0.96,0.00,405260,110640,95824,173628,59672,0,0,chromium-browse,11,0
TOP,0002175,T0006,0.96,0.96,0.00,392888,124180,95824,167012,65540,0,0,chromium-browse,10,0
TOP,0005847,T0002,4.79,0.96,3.83,4316,1712,124,1700,1404,19,0,nmon,1,0
TOP,0005847,T0003,2.86,1.91,0.95,4316,1712,124,1700,1404,0,0,nmon,1,0
TOP,0005847,T0004,3.91,0.98,2.93,4316,1712,124,1700,1404,0,0,nmon,1,0
TOP,0005847,T0005,4.78,0.00,4.78,4316,1712,124,1700,1404,0,0,nmon,1,0
TOP,0005847,T0006,3.82,1.91,1.91,4316,1712,124,1700,1404,0,0,nmon,1,0
TOP,0005847,T0007,4.77,1.91,2.86,4316,1712,124,1700,1404,0,0,nmon,1,0
TOP,0005847,T0008,3.83,0.96,2.87,4316,1712,124,1700,1404,0,0,nmon,1,0
TOP,0005847,T0009,4.79,1.91,2.87,4316,1712,124,1700,1404,0,0,nmon,1,0
TOP,0005847,T0010,3.83,1.91,1.91,4316,1712,124,1700,1404,0,0,nmon,1,0
TOP,+PID,Time,%CPU,%Usr,%Sys,Size,ResSet,ResText,ResData,ShdLib,MinorFault,MajorFault,Command,Threads,IOwaitTime
VM,T0001,21,0,0,2532,58380,-1,0,0,0,0,5580,2,0,7262,0,0,0,0,0,0,0,0,0,5497,0,0,0,0,0,0,0,0,0,0,0,0,0
VM,T0002,26,0,0,2533,58382,-1,0,0,0,0,1,0,0,48,0,0,0,0,0,0,0,0,0,20,0,0,0,0,0,0,0,0,0,0,0,0,0
VM,T0003,26,0,0,2533,58382,-1,0,4,0,0,3053,2,0,3195,0,0,0,0,0,0,0,0,0,3100,0,0,0,0,0,0,0,0,0,0,0,0,0
VM,T0004,27,0,0,2533,58382,-1,0,0,0,0,211,0,0,394,0,0,0,0,0,0,0,0,0,217,0,0,0,0,0,0,0,0,0,0,0,0,0
VM,T0005,31,0,0,2533,58382,-1,0,32,0,0,70,0,0,68,0,0,0,0,0,0,0,0,0,69,0,0,0,0,0,0,0,0,0,0,0,0,0
VM,T0006,32,0,0,2533,58382,-1,0,4,0,0,209,1,0,437,0,0,0,0,0,0,0,0,0,213,0,0,0,0,0,0,0,0,0,0,0,0,0
VM,T0007,38,0,0,2537,58382,-1,0,0,0,0,203,1,0,386,0,0,0,0,0,0,0,0,0,203,0,0,0,0,0,0,0,0,0,0,0,0,0
VM,T0008,38,0,0,2534,58382,-1,0,0,0,0,205,0,0,375,0,0,0,0,0,0,0,0,0,214,0,0,0,0,0,0,0,0,0,0,0,0,0
VM,T0009,39,0,0,2533,58382,-1,0,0,0,0,7,0,0,4,0,0,0,0,0,0,0,0,0,4,0,0,0,0,0,0,0,0,0,0,0,0,0
VM,T0010,39,0,0,2533,58382,-1,0,8,0,0,276,0,0,445,0,0,0,0,0,0,0,0,0,285,0,0,0,0,0,0,0,0,0,0,0,0,0
ZZZZ,T0001,12:18:49,15-APR-2020
ZZZZ,T0002,12:18:50,15-APR-2020
ZZZZ,T0003,12:18:52,15-APR-2020
ZZZZ,T0004,12:18:53,15-APR-2020
ZZZZ,T0005,12:18:54,15-APR-2020
ZZZZ,T0006,12:18:55,15-APR-2020
ZZZZ,T0007,12:18:56,15-APR-2020
ZZZZ,T0008,12:18:57,15-APR-2020
ZZZZ,T0009,12:18:58,15-APR-2020
ZZZZ,T0010,12:18:59,15-APR-2020
BBBP,150,/proc/cpuinfo,"processor	: 0"
BBBP,243,/proc/stat,"procs_blocked 0"
BBBP,286,/dev/mapper,"total 0"
BBBP,322,/proc/net/rpc/nfs,"rpc 0 0 0"
BBBP,321,/proc/net/rpc/nfs,"net 0 0 0 0"
BBBP,192,/proc/cpuinfo,"Serial		: 000000000da37c85"
BBBP,222,/proc/meminfo,"Bounce:                0 kB"
BBBP,212,/proc/meminfo,"Writeback:             0 kB"
BBBP,227,/proc/meminfo,"VmallocUsed:           0 kB"
BBBP,221,/proc/meminfo,"NFS_Unstable:          0 kB"
BBBP,223,/proc/meminfo,"WritebackTmp:          0 kB"
BBBP,228,/proc/meminfo,"VmallocChunk:          0 kB"
BBBP,160,/proc/cpuinfo,"processor	: 1"
BBBP,139,lscpu,"Socket(s):           1"
BBBP,242,/proc/stat,"procs_running 1"
BBBP,220,/proc/meminfo,"PageTables:        10204 kB"
BBBP,209,/proc/meminfo,"SwapTotal:        102396 kB"
BBBP,354,/proc/modules,"snd_pcm 102400 1 snd_bcm2835, Live 0x7f2b3000"
BBBP,297,/proc/partitions,"   1        0       4096 ram0"
BBBP,255,/proc/diskstats,"   1       0 ram0 0 0 0 0 0 0 0 0 0 0 0 0 0 0 0"
BBBP,307,/proc/partitions,"   1       10       4096 ram10"
BBBP,329,/proc/modules,"fuse 110592 3 - Live 0x7f6c2000"
BBBP,265,/proc/diskstats,"   1      10 ram10 0 0 0 0 0 0 0 0 0 0 0 0 0 0 0"
BBBP,308,/proc/partitions,"   1       11       4096 ram11"
BBBP,226,/proc/meminfo,"VmallocTotal:    1114112 kB"
BBBP,266,/proc/diskstats,"   1      11 ram11 0 0 0 0 0 0 0 0 0 0 0 0 0 0 0"
BBBP,309,/proc/partitions,"   1       12       4096 ram12"
BBBP,267,/proc/diskstats,"   1      12 ram12 0 0 0 0 0 0 0 0 0 0 0 0 0 0 0"
BBBP,310,/proc/partitions,"   1       13       4096 ram13"
BBBP,268,/proc/diskstats,"   1      13 ram13 0 0 0 0 0 0 0 0 0 0 0 0 0 0 0"
BBBP,298,/proc/partitions,"   1        1       4096 ram1"
BBBP,311,/proc/partitions,"   1       14       4096 ram14"
BBBP,269,/proc/diskstats,"   1      14 ram14 0 0 0 0 0 0 0 0 0 0 0 0 0 0 0"
BBBP,312,/proc/partitions,"   1       15       4096 ram15"
BBBP,270,/proc/diskstats,"   1      15 ram15 0 0 0 0 0 0 0 0 0 0 0 0 0 0 0"
BBBP,256,/proc/diskstats,"   1       1 ram1 0 0 0 0 0 0 0 0 0 0 0 0 0 0 0"
BBBP,451,uptime," 12:18:48 up 32 min,  2 users,  load average: 0.39, 0.48, 0.45"
BBBP,206,/proc/meminfo,"Inactive(file):   123220 kB"
BBBP,299,/proc/partitions,"   1        2       4096 ram2"
BBBP,257,/proc/diskstats,"   1       2 ram2 0 0 0 0 0 0 0 0 0 0 0 0 0 0 0"
BBBP,300,/proc/partitions,"   1        3       4096 ram3"
BBBP,258,/proc/diskstats,"   1       3 ram3 0 0 0 0 0 0 0 0 0 0 0 0 0 0 0"
BBBP,301,/proc/partitions,"   1        4       4096 ram4"
BBBP,259,/proc/diskstats,"   1       4 ram4 0 0 0 0 0 0 0 0 0 0 0 0 0 0 0"
BBBP,302,/proc/partitions,"   1        5       4096 ram5"
BBBP,240,/proc/stat,"btime 1586943989"
BBBP,260,/proc/diskstats,"   1       5 ram5 0 0 0 0 0 0 0 0 0 0 0 0 0 0 0"
BBBP,204,/proc/meminfo,"Inactive(anon):   163440 kB"
BBBP,371,/proc/modules,"fixed 16384 0 - Live 0x7f0b4000"
BBBP,369,/proc/modules,"uio_pdrv_genirq 16384 0 - Live 0x7f100000"
BBBP,352,/proc/modules,"raspberrypi_hwmon 16384 0 - Live 0x7f2e1000"
BBBP,338,/proc/modules,"garp 16384 1 8021q, Live 0x7f5f0000"
BBBP,359,/proc/modules,"videobuf2_vmalloc 16384 1 bcm2835_v4l2, Live 0x7f273000"
BBBP,356,/proc/modules,"v4l2_common 16384 1 bcm2835_v4l2, Live 0x7f291000"
BBBP,343,/proc/modules,"brcmutil 16384 1 brcmfmac, Live 0x7f4fe000"
BBBP,339,/proc/modules,"stp 16384 1 garp, Live 0x7f5e9000"
BBBP,333,/proc/modules,"btbcm 16384 1 hci_uart, Live 0x7f68e000"
BBBP,353,/proc/modules,"hwmon 16384 1 raspberrypi_hwmon, Live 0x7f2d8000"
BBBP,340,/proc/modules,"llc 16384 2 garp,stp, Live 0x7f5e0000"
BBBP,360,/proc/modules,"videobuf2_memops 16384 2 videobuf2_dma_contig,videobuf2_vmalloc, Live 0x7f265000"
BBBP,303,/proc/partitions,"   1        6       4096 ram6"
BBBP,261,/proc/diskstats,"   1       6 ram6 0 0 0 0 0 0 0 0 0 0 0 0 0 0 0"
BBBP,304,/proc/partitions,"   1        7       4096 ram7"
BBBP,313,/proc/partitions," 179        0   31166976 mmcblk0"
BBBP,279,/proc/diskstats," 179       0 mmcblk0 12679 12269 968538 71624 5263 8211 175338 165271 0 50620 80610 0 0 0 0"
BBBP,314,/proc/partitions," 179        1     262144 mmcblk0p1"
BBBP,280,/proc/diskstats," 179       1 mmcblk0p1 281 3950 21832 1273 2 0 2 108 0 960 1190 0 0 0 0"
BBBP,315,/proc/partitions," 179        2   30900736 mmcblk0p2"
BBBP,281,/proc/diskstats," 179       2 mmcblk0p2 12378 8319 945650 70285 5261 8211 175336 165163 0 50440 79840 0 0 0 0"
BBBP,262,/proc/diskstats,"   1       7 ram7 0 0 0 0 0 0 0 0 0 0 0 0 0 0 0"
BBBP,323,/proc/net/rpc/nfs,"proc2 18 0 0 0 0 0 0 0 0 0 0 0 0 0 0 0 0 0 0"
BBBP,237,/proc/stat,"cpu3 18201 0 3290 170370 1031 0 1 0 0 0"
BBBP,305,/proc/partitions,"   1        8       4096 ram8"
BBBP,234,/proc/stat,"cpu0 18523 0 3684 166020 981 0 163 0 0 0"
BBBP,263,/proc/diskstats,"   1       8 ram8 0 0 0 0 0 0 0 0 0 0 0 0 0 0 0"
BBBP,205,/proc/meminfo,"Active(file):     190012 kB"
BBBP,235,/proc/stat,"cpu1 19051 0 3507 169182 919 0 0 0 0 0"
BBBP,306,/proc/partitions,"   1        9       4096 ram9"
BBBP,264,/proc/diskstats,"   1       9 ram9 0 0 0 0 0 0 0 0 0 0 0 0 0 0 0"
BBBP,397,/bin/df-m,"Filesystem     1M-blocks  Used Available Use% Mounted on"
CPU001,CPU 1 raspberrypi,User%,Sys%,Wait%,Idle%,Steal%
BBBP,292,/dev/sd*,"brw-rw---- 1 root disk 8, 0 Apr 15 11:46 /dev/sda"
BBBP,293,/dev/sd*,"brw-rw---- 1 root disk 8, 1 Apr 15 11:46 /dev/sda1"
BBBP,287,/dev/mapper,"crw------- 1 root root 10, 236 Apr 15 11:46 control"
BBBP,170,/proc/cpuinfo,"processor	: 2"
BBBP,365,/proc/modules,"videodev 200704 6 bcm2835_codec,v4l2_mem2mem,bcm2835_v4l2,v4l2_common,videobuf2_v4l2,videobuf2_common, Live 0x7f17b000"
BBBP,372,/proc/modules,"i2c_dev 20480 0 - Live 0x7f0a6000"
BBBP,364,/proc/modules,"joydev 20480 0 - Live 0x7f205000"
BBBP,345,/proc/modules,"sha256_generic 20480 0 - Live 0x7f4ea000"
BBBP,357,/proc/modules,"videobuf2_dma_contig 20480 1 bcm2835_codec, Live 0x7f288000"
BBBP,334,/proc/modules,"serdev 20480 1 hci_uart, Live 0x7f683000"
BBBP,328,/proc/modules,"binfmt_misc 20480 1 - Live 0x7f6e8000"
BBBP,370,/proc/modules,"uio 20480 1 uio_pdrv_genirq, Live 0x7f0cb000"
BBBP,331,/proc/modules,"bnep 20480 2 - Live 0x7f6a5000"
BBBP,236,/proc/stat,"cpu2 20902 0 3303 167239 890 0 4 0 0 0"
BBBP,324,/proc/net/rpc/nfs,"proc3 22 0 0 0 0 0 0 0 0 0 0 0 0 0 0 0 0 0 0 0 0 0 0"
BBBP,200,/proc/meminfo,"SwapCached:         2272 kB"
BBBP,217,/proc/meminfo,"SReclaimable:      23156 kB"
BBBP,238,/proc/stat,"intr 2336984 0 0 0 0 0 0 0 0 0 0 0 0 0 0 0 0 0 2122 3888 0 0 0 0 0 0 0 0 0 0 0 0 0 0 0 0 0 0 0 0 0 840 0 215 0 17873 0 0 0 0 0 0 0 0 0 0 0 1494716 0 0 0 0 0 0 0 0 0 0 0 0 0 0 0 0 0 0 0 0 0 0 0 5336 4911 0 0 0 0 4115 0 0 0 0 0 0 0 0 0 0 0 0 0 0 0 0 0 0 0 0 0 0 0 0 0 0 0 0 0 0 0 0 0 0 0 0 0 0 0 0 0 0 0 0 0 0 0 0 0 0 0 0 0 0 0 0 0 0 0 0 0 0 0 0 0 0 0 0 0 0 0 0 0 0 0 371646 0 0 707"
BBBP,214,/proc/meminfo,"Mapped:           233776 kB"
BBBP,373,/proc/modules,"ip_tables 24576 0 - Live 0x7f09b000"
BBBP,344,/proc/modules,"uas 24576 0 - Live 0x7f4f3000"
BBBP,368,/proc/modules,"evdev 24576 13 - Live 0x7f12b000"
BBBP,350,/proc/modules,"v4l2_mem2mem 24576 1 bcm2835_codec, Live 0x7f2f5000"
BBBP,351,/proc/modules,"snd_bcm2835 24576 2 - Live 0x7f2e9000 (C)"
BBBP,361,/proc/modules,"videobuf2_v4l2 24576 3 bcm2835_codec,bcm2835_v4l2,v4l2_mem2mem, Live 0x7f24f000"
BBBP,225,/proc/meminfo,"Committed_AS:    2502620 kB"
BBBP,404,/bin/df-m,"ddev/mmcblk0p1       253    53       200  21% /boot"
BBBP,239,/proc/stat,"ctxt 2564128"
BBBP,219,/proc/meminfo,"KernelStack:        2736 kB"
BBBP,202,/proc/meminfo,"Inactive:         286660 kB"
BBBP,342,/proc/modules,"sg 28672 0 - Live 0x7f50e000"
BBBP,336,/proc/modules,"ecdh_generic 28672 1 bluetooth, Live 0x7f606000"
BBBP,347,/proc/modules,"rfkill 28672 6 bluetooth,cfg80211, Live 0x7f320000"
BBBP,406,/bin/df-m,"ddev/sda1          29601 21814      7787  74% /media/pi/VERBATIM32G"
BBBP,398,/bin/df-m,"ddev/root          29643  8275     20080  30% /"
CPU002,CPU 2 raspberrypi,User%,Sys%,Wait%,Idle%,Steal%
BBBP,180,/proc/cpuinfo,"processor	: 3"
BBBP,341,/proc/modules,"brcmfmac 311296 0 - Live 0x7f51a000"
BBBP,199,/proc/meminfo,"Cached:           317976 kB"
BBBP,203,/proc/meminfo,"Active(anon):     326236 kB"
BBBP,337,/proc/modules,"8021q 32768 0 - Live 0x7f5f8000"
BBBP,374,/proc/modules,"x_tables 32768 1 ip_tables, Live 0x7f08c000"
BBBP,358,/proc/modules,"snd_timer 32768 1 snd_pcm, Live 0x7f27a000"
BBBP,355,/proc/modules,"bcm2835_mmal_vchiq 32768 2 bcm2835_codec,bcm2835_v4l2, Live 0x7f299000 (C)"
BBBP,197,/proc/meminfo,"MemAvailable:     328688 kB"
BBBP,218,/proc/meminfo,"SUnreclaim:        36124 kB"
BBBP,348,/proc/modules,"bcm2835_codec 36864 0 - Live 0x7f311000 (C)"
BBBP,366,/proc/modules,"media 36864 3 bcm2835_codec,v4l2_mem2mem,videodev, Live 0x7f165000"
BBBP,367,/proc/modules,"vc_sm_cma 36864 5 bcm2835_mmal_vchiq, Live 0x7f14c000 (C)"
BBBP,335,/proc/modules,"bluetooth 389120 29 rfcomm,bnep,hci_uart,btbcm, Live 0x7f610000"
CPU003,CPU 3 raspberrypi,User%,Sys%,Wait%,Idle%,Steal%
BBBP,141,lscpu,"Model:               4"
BBBP,135,lscpu,"CPU(s):              4"
BBBP,332,/proc/modules,"hci_uart 40960 1 - Live 0x7f695000"
BBBP,213,/proc/meminfo,"AnonPages:        443676 kB"
BBBP,349,/proc/modules,"bcm2835_v4l2 45056 0 - Live 0x7f300000 (C)"
BBBP,363,/proc/modules,"videobuf2_common 45056 4 bcm2835_codec,v4l2_mem2mem,bcm2835_v4l2,videobuf2_v4l2, Live 0x7f20f000"
BBBP,375,/proc/modules,"ipv6 454656 50 [permanent], Live 0x7f000000"
BBBP,399,/bin/df-m,"devtmpfs             459     0       459   0% /dev"
BBBP,403,/bin/df-m,"tmpfs                464     0       464   0% /sys/fs/cgroup"
BBBP,400,/bin/df-m,"tmpfs                464    40       424   9% /dev/shm"
BBBP,401,/bin/df-m,"tmpfs                464     7       457   2% /run"
BBBP,198,/proc/meminfo,"Buffers:           47572 kB"
BBBP,196,/proc/meminfo,"MemFree:           48916 kB"
BBBP,330,/proc/modules,"rfcomm 49152 4 - Live 0x7f6af000"
BBBP,215,/proc/meminfo,"Shmem:             49804 kB"
CPU004,CPU 4 raspberrypi,User%,Sys%,Wait%,Idle%,Steal%
BBBP,402,/bin/df-m,"tmpfs                  5     1         5   1% /run/lock"
BBBP,201,/proc/meminfo,"Active:           516248 kB"
BBBP,244,/proc/stat,"softirq 519859 32743 168316 440 2742 0 0 52230 141531 0 121857"
BBBP,211,/proc/meminfo,"Dirty:                52 kB"
BBBP,118,fdisk-l,"ddev/mmcblk0p2      532480 62333951 61801472 29.5G 83 Linux"
BBBP,224,/proc/meminfo,"CommitLimit:      576544 kB"
BBBP,241,/proc/stat,"processes 5873"
BBBP,216,/proc/meminfo,"Slab:              59280 kB"
BBBP,231,/proc/meminfo,"CmaFree:            6020 kB"
BBBP,325,/proc/net/rpc/nfs,"proc4 62 0 0 0 0 0 0 0 0 0 0 0 0 0 0 0 0 0 0 0 0 0 0 0 0 0 0 0 0 0 0 0 0 0 0 0 0 0 0 0 0 0 0 0 0 0 0 0 0 0 0 0 0 0 0 0 0 0 0 0 0 0 0"
BBBP,130,fdisk-l,"ddev/sda1  *       62 60653759 60653698 28.9G  b W95 FAT32"
BBBP,229,/proc/meminfo,"Percpu:              640 kB"
BBBP,346,/proc/modules,"cfg80211 651264 1 brcmfmac, Live 0x7f33a000"
BBBP,271,/proc/diskstats,"   7       0 loop0 0 0 0 0 0 0 0 0 0 0 0 0 0 0 0"
BBBP,272,/proc/diskstats,"   7       1 loop1 0 0 0 0 0 0 0 0 0 0 0 0 0 0 0"
BBBP,273,/proc/diskstats,"   7       2 loop2 0 0 0 0 0 0 0 0 0 0 0 0 0 0 0"
BBBP,362,/proc/modules,"snd 73728 7 snd_bcm2835,snd_pcm,snd_timer, Live 0x7f233000"
BBBP,274,/proc/diskstats,"   7       3 loop3 0 0 0 0 0 0 0 0 0 0 0 0 0 0 0"
BBBP,275,/proc/diskstats,"   7       4 loop4 0 0 0 0 0 0 0 0 0 0 0 0 0 0 0"
BBBP,276,/proc/diskstats,"   7       5 loop5 0 0 0 0 0 0 0 0 0 0 0 0 0 0 0"
BBBP,233,/proc/stat,"cpu  76677 0 13784 672813 3822 0 168 0 0 0"
BBBP,152,/proc/cpuinfo,"BogoMIPS	: 76.80"
BBBP,162,/proc/cpuinfo,"BogoMIPS	: 76.80"
BBBP,172,/proc/cpuinfo,"BogoMIPS	: 76.80"
BBBP,182,/proc/cpuinfo,"BogoMIPS	: 76.80"
BBBP,146,lscpu,"BogoMIPS:            76.80"
BBBP,277,/proc/diskstats,"   7       6 loop6 0 0 0 0 0 0 0 0 0 0 0 0 0 0 0"
BBBP,278,/proc/diskstats,"   7       7 loop7 0 0 0 0 0 0 0 0 0 0 0 0 0 0 0"
BBBP,208,/proc/meminfo,"Mlocked:            7924 kB"
BBBP,207,/proc/meminfo,"Unevictable:        7924 kB"
BBBP,316,/proc/partitions,"   8        0   30326880 sda"
BBBP,282,/proc/diskstats,"   8       0 sda 274 14654 19125 1016 1 0 1 18 0 670 670 0 0 0 0"
BBBP,317,/proc/partitions,"   8        1   30326849 sda1"
BBBP,117,fdisk-l,"ddev/mmcblk0p1        8192   532479   524288  256M  c W95 FAT32 (LBA)"
BBBP,230,/proc/meminfo,"CmaTotal:           8192 kB"
BBBP,283,/proc/diskstats,"   8       1 sda1 264 14654 19037 1006 1 0 1 18 0 660 660 0 0 0 0"
BBBP,210,/proc/meminfo,"SwapFree:          90364 kB"
BBBP,405,/bin/df-m,"tmpfs                 93     1        93   1% /run/user/1000"
BBBP,195,/proc/meminfo,"MemTotal:         948296 kB"
BBBP,191,/proc/cpuinfo,"Revision	: a02082"
AAA,boottime,11:46 AM 15-Apr-2020
VM,Paging and Virtual Memory,nr_dirty,nr_writeback,nr_unstable,nr_page_table_pages,nr_mapped,nr_slab,pgpgin,pgpgout,pswpin,pswpout,pgfree,pgactivate,pgdeactivate,pgfault,pgmajfault,pginodesteal,slabs_scanned,kswapd_steal,kswapd_inodesteal,pageoutrun,allocstall,pgrotated,pgalloc_high,pgalloc_normal,pgalloc_dma,pgrefill_high,pgrefill_normal,pgrefill_dma,pgsteal_high,pgsteal_normal,pgsteal_dma,pgscan_kswapd_high,pgscan_kswapd_normal,pgscan_kswapd_dma,pgscan_direct_high,pgscan_direct_normal,pgscan_direct_dma
BBBP,155,/proc/cpuinfo,"CPU architecture: 7"
BBBP,165,/proc/cpuinfo,"CPU architecture: 7"
BBBP,175,/proc/cpuinfo,"CPU architecture: 7"
BBBP,185,/proc/cpuinfo,"CPU architecture: 7"
BBBP,133,lscpu,"Architecture:        armv7l"
BBBP,443,/etc/fstab,"# a swapfile is not a swap partition, no line here"
BBBP,190,/proc/cpuinfo,"Hardware	: BCM2835"
DISKBSIZE,Disk Block Size raspberrypi,mmcblk0,mmcblk0p1,mmcblk0p2,sda,sda1
BBBP,116,fdisk-l,"Device         Boot  Start      End  Sectors  Size Id Type"
BBBP,129,fdisk-l,"Device     Boot Start      End  Sectors  Size Id Type"
BBBP,441,/etc/fstab,"PARTUUID=97709164-01  /boot           vfat    defaults          0       2"
BBBP,004,/etc/release,"VERSION=Q10 (buster)Q"
DISKBUSY,Disk %Busy raspberrypi,mmcblk0,mmcblk0p1,mmcblk0p2,sda,sda1
AAA,max_disks,256,set by -d option
BBBP,136,lscpu,"On-line CPU(s) list: 0-3"
BBBP,109,fdisk-l,"Disk /dev/mmcblk0: 29.7 GiB, 31914983424 bytes, 62333952 sectors"
BBBP,013,fdisk-l,"Disk /dev/ram0: 4 MiB, 4194304 bytes, 8192 sectors"
BBBP,073,fdisk-l,"Disk /dev/ram10: 4 MiB, 4194304 bytes, 8192 sectors"
BBBP,079,fdisk-l,"Disk /dev/ram11: 4 MiB, 4194304 bytes, 8192 sectors"
BBBP,085,fdisk-l,"Disk /dev/ram12: 4 MiB, 4194304 bytes, 8192 sectors"
BBBP,091,fdisk-l,"Disk /dev/ram13: 4 MiB, 4194304 bytes, 8192 sectors"
BBBP,097,fdisk-l,"Disk /dev/ram14: 4 MiB, 4194304 bytes, 8192 sectors"
BBBP,019,fdisk-l,"Disk /dev/ram1: 4 MiB, 4194304 bytes, 8192 sectors"
BBBP,103,fdisk-l,"Disk /dev/ram15: 4 MiB, 4194304 bytes, 8192 sectors"
BBBP,025,fdisk-l,"Disk /dev/ram2: 4 MiB, 4194304 bytes, 8192 sectors"
BBBP,031,fdisk-l,"Disk /dev/ram3: 4 MiB, 4194304 bytes, 8192 sectors"
BBBP,037,fdisk-l,"Disk /dev/ram4: 4 MiB, 4194304 bytes, 8192 sectors"
BBBP,043,fdisk-l,"Disk /dev/ram5: 4 MiB, 4194304 bytes, 8192 sectors"
BBBP,049,fdisk-l,"Disk /dev/ram6: 4 MiB, 4194304 bytes, 8192 sectors"
BBBP,055,fdisk-l,"Disk /dev/ram7: 4 MiB, 4194304 bytes, 8192 sectors"
BBBP,061,fdisk-l,"Disk /dev/ram8: 4 MiB, 4194304 bytes, 8192 sectors"
BBBP,067,fdisk-l,"Disk /dev/ram9: 4 MiB, 4194304 bytes, 8192 sectors"
BBBP,121,fdisk-l,"Disk /dev/sda: 28.9 GiB, 31054725120 bytes, 60653760 sectors"
BBBP,251,/proc/net/dev,"  eth0: 1007558    3100    0    0    0     0          0         0   379139    2062    0    0    0     0       0          0"
BBBP,381,ifconfig,"        ether b8:27:eb:a3:7c:85  txqueuelen 1000  (Ethernet)"
BBBP,442,/etc/fstab,"PARTUUID=97709164-02  /               ext4    defaults,noatime  0       1"
BBBP,249,/proc/net/dev," face |bytes    packets errs drop fifo frame compressed multicast|bytes    packets errs drop fifo colls carrier compressed"
JFSFILE,JFS Filespace %Used raspberrypi,/,/dev,/run,/boot,/media/pi/VERBATIM32G
BBBP,377,ifconfig,"eth0: flags=4163<UP,BROADCAST,RUNNING,MULTICAST>  mtu 1500"
BBBP,387,ifconfig,"lo: flags=73<UP,LOOPBACK,RUNNING>  mtu 65536"
AAA,command,./nmon -f -t -s 1 -c 10 
BBBP,001,/etc/release,"PRETTY_NAME=QRaspbian GNU/Linux 10 (buster)Q"
BBBP,002,/etc/release,"NAME=QRaspbian GNU/LinuxQ"
BBBP,153,/proc/cpuinfo,"Features	: half thumb fastmult vfp edsp neon vfpv3 tls vfpv4 idiva idivt vfpd32 lpae evtstrm crc32 "
BBBP,163,/proc/cpuinfo,"Features	: half thumb fastmult vfp edsp neon vfpv3 tls vfpv4 idiva idivt vfpd32 lpae evtstrm crc32 "
BBBP,173,/proc/cpuinfo,"Features	: half thumb fastmult vfp edsp neon vfpv3 tls vfpv4 idiva idivt vfpd32 lpae evtstrm crc32 "
BBBP,183,/proc/cpuinfo,"Features	: half thumb fastmult vfp edsp neon vfpv3 tls vfpv4 idiva idivt vfpd32 lpae evtstrm crc32 "
BBBP,147,lscpu,"Flags:               half thumb fastmult vfp edsp neon vfpv3 tls vfpv4 idiva idivt vfpd32 lpae evtstrm crc32"
BBBP,140,lscpu,"Vendor ID:           ARM"
BBBP,127,fdisk-l,"Disk identifier: 0x04805957"
BBBP,114,fdisk-l,"Disk identifier: 0x97709164"
BBBP,154,/proc/cpuinfo,"CPU implementer	: 0x41"
BBBP,164,/proc/cpuinfo,"CPU implementer	: 0x41"
BBBP,174,/proc/cpuinfo,"CPU implementer	: 0x41"
BBBP,184,/proc/cpuinfo,"CPU implementer	: 0x41"
BBBP,388,ifconfig,"        inet 127.0.0.1  netmask 255.0.0.0"
BBBP,378,ifconfig,"        inet 192.168.1.100  netmask 255.255.255.0  broadcast 192.168.1.255"
BBBP,389,ifconfig,"        inet6 ::1  prefixlen 128  scopeid 0x10<host>"
BBBP,380,ifconfig,"        inet6 2a02:8428:547:9a01:7bad:f131:342c:be3e  prefixlen 64  scopeid 0x0<global>"
BBBP,379,ifconfig,"        inet6 fe80::e9e3:cfe9:d386:7e4a  prefixlen 64  scopeid 0x20<link>"
NET,Network I/O raspberrypi,wlan0-read-KB/s,eth0-read-KB/s,lo-read-KB/s,wlan0-write-KB/s,eth0-write-KB/s,lo-write-KB/s
BBBP,252,/proc/net/dev,"    lo:     384       7    0    0    0     0          0         0      384       7    0    0    0     0       0          0"
BBBP,390,ifconfig,"        loop  txqueuelen 1000  (Local Loopback)"
BBBP,144,lscpu,"CPU max MHz:         1200.0000"
MEM,Memory MB raspberrypi,memtotal,hightotal,lowtotal,swaptotal,memfree,highfree,lowfree,swapfree,memshared,cached,active,bigfree,buffers,swapcached,inactive
BBBP,145,lscpu,"CPU min MHz:         600.0000"
BBBP,295,/proc/partitions,"major minor  #blocks  name"
BBBP,122,fdisk-l,"Disk model: STORE N GO      "
BBBP,151,/proc/cpuinfo,"model name	: ARMv7 Processor rev 4 (v7l)"
BBBP,161,/proc/cpuinfo,"model name	: ARMv7 Processor rev 4 (v7l)"
BBBP,171,/proc/cpuinfo,"model name	: ARMv7 Processor rev 4 (v7l)"
BBBP,181,/proc/cpuinfo,"model name	: ARMv7 Processor rev 4 (v7l)"
BBBP,142,lscpu,"Model name:          Cortex-A53"
BBBP,433,/bin/mount,"ddev/mmcblk0p1 on /boot type vfat (rw,relatime,fmask=0022,dmask=0022,codepage=437,iocharset=ascii,shortname=mixed,errors=remount-ro)"
BBBP,431,/bin/mount,"mqueue on /dev/mqueue type mqueue (rw,relatime)"
BBBP,413,/bin/mount,"devpts on /dev/pts type devpts (rw,nosuid,noexec,relatime,gid=5,mode=620,ptmxmode=000)"
BBBP,412,/bin/mount,"tmpfs on /dev/shm type tmpfs (rw,nosuid,nodev)"
BBBP,409,/bin/mount,"devtmpfs on /dev type devtmpfs (rw,relatime,size=469540k,nr_inodes=117385,mode=755)"
BBBP,437,/bin/mount,"ddev/sda1 on /media/pi/VERBATIM32G type vfat (rw,nosuid,nodev,relatime,uid=1000,gid=1000,fmask=0022,dmask=0022,codepage=437,iocharset=ascii,shortname=mixed,showexec,utf8,flush,errors=remount-ro,uhelper=udisks2)"
BBBP,428,/bin/mount,"systemd-1 on /proc/sys/fs/binfmt_misc type autofs (rw,relatime,fd=28,pgrp=1,timeout=0,minproto=5,maxproto=5,direct)"
BBBP,438,/bin/mount,"binfmt_misc on /proc/sys/fs/binfmt_misc type binfmt_misc (rw,relatime)"
BBBP,411,/bin/mount,"proc on /proc type proc (rw,relatime)"
BBBP,415,/bin/mount,"tmpfs on /run/lock type tmpfs (rw,nosuid,nodev,noexec,relatime,size=5120k)"
BBBP,430,/bin/mount,"sunrpc on /run/rpc_pipefs type rpc_pipefs (rw,relatime)"
BBBP,414,/bin/mount,"tmpfs on /run type tmpfs (rw,nosuid,nodev,mode=755)"
BBBP,435,/bin/mount,"gvfsd-fuse on /run/user/1000/gvfs type fuse.gvfsd-fuse (rw,nosuid,nodev,relatime,user_id=1000,group_id=1000)"
BBBP,434,/bin/mount,"tmpfs on /run/user/1000 type tmpfs (rw,nosuid,nodev,relatime,size=94828k,mode=700,uid=1000,gid=1000)"
BBBP,419,/bin/mount,"bpf on /sys/fs/bpf type bpf (rw,nosuid,nodev,noexec,relatime,mode=700)"
BBBP,423,/bin/mount,"cgroup on /sys/fs/cgroup/blkio type cgroup (rw,nosuid,nodev,noexec,relatime,blkio)"
BBBP,422,/bin/mount,"cgroup on /sys/fs/cgroup/cpu,cpuacct type cgroup (rw,nosuid,nodev,noexec,relatime,cpu,cpuacct)"
BBBP,427,/bin/mount,"cgroup on /sys/fs/cgroup/cpuset type cgroup (rw,nosuid,nodev,noexec,relatime,cpuset)"
BBBP,421,/bin/mount,"cgroup on /sys/fs/cgroup/devices type cgroup (rw,nosuid,nodev,noexec,relatime,devices)"
BBBP,424,/bin/mount,"cgroup on /sys/fs/cgroup/freezer type cgroup (rw,nosuid,nodev,noexec,relatime,freezer)"
BBBP,420,/bin/mount,"cgroup on /sys/fs/cgroup/memory type cgroup (rw,nosuid,nodev,noexec,relatime,memory)"
BBBP,426,/bin/mount,"cgroup on /sys/fs/cgroup/net_cls type cgroup (rw,nosuid,nodev,noexec,relatime,net_cls)"
BBBP,425,/bin/mount,"cgroup on /sys/fs/cgroup/pids type cgroup (rw,nosuid,nodev,noexec,relatime,pids)"
BBBP,418,/bin/mount,"cgroup on /sys/fs/cgroup/systemd type cgroup (rw,nosuid,nodev,noexec,relatime,xattr,name=systemd)"
BBBP,416,/bin/mount,"tmpfs on /sys/fs/cgroup type tmpfs (ro,nosuid,nodev,noexec,mode=755)"
BBBP,417,/bin/mount,"cgroup2 on /sys/fs/cgroup/unified type cgroup2 (rw,nosuid,nodev,noexec,relatime,nsdelegate)"
BBBP,436,/bin/mount,"fusectl on /sys/fs/fuse/connections type fusectl (rw,relatime)"
BBBP,432,/bin/mount,"configfs on /sys/kernel/config type configfs (rw,relatime)"
BBBP,429,/bin/mount,"debugfs on /sys/kernel/debug type debugfs (rw,relatime)"
BBBP,410,/bin/mount,"sysfs on /sys type sysfs (rw,nosuid,nodev,noexec,relatime)"
BBBP,408,/bin/mount,"ddev/mmcblk0p2 on / type ext4 (rw,noatime)"
BBBP,134,lscpu,"Byte Order:          Little Endian"
NETPACKET,Network Packets raspberrypi,wlan0-read/s,eth0-read/s,lo-read/s,wlan0-write/s,eth0-write/s,lo-write/s
BBBP,452,getconf PAGESIZE
BBBP,453,getconf PAGESIZE,"4096"
BBBP,157,/proc/cpuinfo,"CPU part	: 0xd03"
BBBP,167,/proc/cpuinfo,"CPU part	: 0xd03"
BBBP,177,/proc/cpuinfo,"CPU part	: 0xd03"
BBBP,187,/proc/cpuinfo,"CPU part	: 0xd03"
BBBP,137,lscpu,"Thread(s) per core:  1"
BBBP,138,lscpu,"Core(s) per socket:  4"
AAA,ARM,ModelName,ARMv7 Processor rev 4 (v7l)
BBBP,440,/etc/fstab,"proc            /proc           proc    defaults          0       0"
BBBP,445,netstat -r
BBBP,143,lscpu,"Stepping:            r0p4"
BBBP,449,netstat -r,"192.168.1.0     0.0.0.0         255.255.255.0   U         0 0          0 eth0"
BBBP,193,/proc/cpuinfo,"Model		: Raspberry Pi 3 Model B Rev 1.2"
PROC,Processes raspberrypi,Runnable,Blocked,pswitch,syscall,read,write,fork,exec,sem,msg
BBBP,448,netstat -r,"default         box             0.0.0.0         UG        0 0          0 eth0"
BBBP,447,netstat -r,"Destination     Gateway         Genmask         Flags   MSS Window  irtt Iface"
DISKREAD,Disk Read KB/s raspberrypi,mmcblk0,mmcblk0p1,mmcblk0p2,sda,sda1
BBBP,248,/proc/net/dev,"Inter-|   Receive                                                |  Transmit"
BBBP,158,/proc/cpuinfo,"CPU revision	: 4"
BBBP,168,/proc/cpuinfo,"CPU revision	: 4"
BBBP,178,/proc/cpuinfo,"CPU revision	: 4"
BBBP,188,/proc/cpuinfo,"CPU revision	: 4"
BBBP,446,netstat -r,"Kernel IP routing table"
BBBP,383,ifconfig,"        RX errors 0  dropped 0  overruns 0  frame 0"
BBBP,392,ifconfig,"        RX errors 0  dropped 0  overruns 0  frame 0"
BBBP,382,ifconfig,"        RX packets 3100  bytes 1007558 (983.9 KiB)"
BBBP,391,ifconfig,"        RX packets 7  bytes 384 (384.0 B)"
BBBP,014,fdisk-l,"Units: sectors of 1 * 512 = 512 bytes"
BBBP,020,fdisk-l,"Units: sectors of 1 * 512 = 512 bytes"
BBBP,026,fdisk-l,"Units: sectors of 1 * 512 = 512 bytes"
BBBP,032,fdisk-l,"Units: sectors of 1 * 512 = 512 bytes"
BBBP,038,fdisk-l,"Units: sectors of 1 * 512 = 512 bytes"
BBBP,044,fdisk-l,"Units: sectors of 1 * 512 = 512 bytes"
BBBP,050,fdisk-l,"Units: sectors of 1 * 512 = 512 bytes"
BBBP,056,fdisk-l,"Units: sectors of 1 * 512 = 512 bytes"
BBBP,062,fdisk-l,"Units: sectors of 1 * 512 = 512 bytes"
BBBP,068,fdisk-l,"Units: sectors of 1 * 512 = 512 bytes"
BBBP,074,fdisk-l,"Units: sectors of 1 * 512 = 512 bytes"
BBBP,080,fdisk-l,"Units: sectors of 1 * 512 = 512 bytes"
BBBP,086,fdisk-l,"Units: sectors of 1 * 512 = 512 bytes"
BBBP,092,fdisk-l,"Units: sectors of 1 * 512 = 512 bytes"
BBBP,098,fdisk-l,"Units: sectors of 1 * 512 = 512 bytes"
BBBP,104,fdisk-l,"Units: sectors of 1 * 512 = 512 bytes"
BBBP,110,fdisk-l,"Units: sectors of 1 * 512 = 512 bytes"
BBBP,123,fdisk-l,"Units: sectors of 1 * 512 = 512 bytes"
BBBP,015,fdisk-l,"Sector size (logical/physical): 512 bytes / 4096 bytes"
BBBP,021,fdisk-l,"Sector size (logical/physical): 512 bytes / 4096 bytes"
BBBP,027,fdisk-l,"Sector size (logical/physical): 512 bytes / 4096 bytes"
BBBP,033,fdisk-l,"Sector size (logical/physical): 512 bytes / 4096 bytes"
BBBP,039,fdisk-l,"Sector size (logical/physical): 512 bytes / 4096 bytes"
BBBP,045,fdisk-l,"Sector size (logical/physical): 512 bytes / 4096 bytes"
BBBP,051,fdisk-l,"Sector size (logical/physical): 512 bytes / 4096 bytes"
BBBP,057,fdisk-l,"Sector size (logical/physical): 512 bytes / 4096 bytes"
BBBP,063,fdisk-l,"Sector size (logical/physical): 512 bytes / 4096 bytes"
BBBP,069,fdisk-l,"Sector size (logical/physical): 512 bytes / 4096 bytes"
BBBP,075,fdisk-l,"Sector size (logical/physical): 512 bytes / 4096 bytes"
BBBP,081,fdisk-l,"Sector size (logical/physical): 512 bytes / 4096 bytes"
BBBP,087,fdisk-l,"Sector size (logical/physical): 512 bytes / 4096 bytes"
BBBP,093,fdisk-l,"Sector size (logical/physical): 512 bytes / 4096 bytes"
BBBP,099,fdisk-l,"Sector size (logical/physical): 512 bytes / 4096 bytes"
BBBP,105,fdisk-l,"Sector size (logical/physical): 512 bytes / 4096 bytes"
BBBP,111,fdisk-l,"Sector size (logical/physical): 512 bytes / 512 bytes"
BBBP,124,fdisk-l,"Sector size (logical/physical): 512 bytes / 512 bytes"
BBBP,016,fdisk-l,"I/O size (minimum/optimal): 4096 bytes / 4096 bytes"
BBBP,022,fdisk-l,"I/O size (minimum/optimal): 4096 bytes / 4096 bytes"
BBBP,028,fdisk-l,"I/O size (minimum/optimal): 4096 bytes / 4096 bytes"
BBBP,034,fdisk-l,"I/O size (minimum/optimal): 4096 bytes / 4096 bytes"
BBBP,040,fdisk-l,"I/O size (minimum/optimal): 4096 bytes / 4096 bytes"
BBBP,046,fdisk-l,"I/O size (minimum/optimal): 4096 bytes / 4096 bytes"
BBBP,052,fdisk-l,"I/O size (minimum/optimal): 4096 bytes / 4096 bytes"
BBBP,058,fdisk-l,"I/O size (minimum/optimal): 4096 bytes / 4096 bytes"
BBBP,064,fdisk-l,"I/O size (minimum/optimal): 4096 bytes / 4096 bytes"
BBBP,070,fdisk-l,"I/O size (minimum/optimal): 4096 bytes / 4096 bytes"
BBBP,076,fdisk-l,"I/O size (minimum/optimal): 4096 bytes / 4096 bytes"
BBBP,082,fdisk-l,"I/O size (minimum/optimal): 4096 bytes / 4096 bytes"
BBBP,088,fdisk-l,"I/O size (minimum/optimal): 4096 bytes / 4096 bytes"
BBBP,094,fdisk-l,"I/O size (minimum/optimal): 4096 bytes / 4096 bytes"
BBBP,100,fdisk-l,"I/O size (minimum/optimal): 4096 bytes / 4096 bytes"
BBBP,106,fdisk-l,"I/O size (minimum/optimal): 4096 bytes / 4096 bytes"
BBBP,112,fdisk-l,"I/O size (minimum/optimal): 512 bytes / 512 bytes"
BBBP,125,fdisk-l,"I/O size (minimum/optimal): 512 bytes / 512 bytes"
AAA,OS,Linux,4.19.97-v7+,#1294 SMP Thu Jan 30 13:15:58 GMT 2020,armv7l
BBBP,319,/proc/1/stat,"1 (systemd) S 0 1 1 0 -1 4194560 7313 59936 100 202 173 236 735 300 20 0 1 0 0 34574336 1981 4294967295 4509696 5616264 2125979376 0 0 0 671173123 4096 1260 1 0 0 17 1 0 0 108 0 0 5683376 5812880 16846848 2125979597 2125979615 2125979615 2125979633 0"
AAA,note1, The First Column is simply to get the output sorted in the right order
AAA,note2, The T0001-T9999 column is a snapshot number. To work out the actual time; see the ZZZ section at the end
CPU_ALL,CPU Total raspberrypi,User%,Sys%,Wait%,Idle%,Steal%,Busy,CPUs
DISKXFER,Disk transfers per second raspberrypi,mmcblk0,mmcblk0p1,mmcblk0p2,sda,sda1
BBBP,385,ifconfig,"        TX errors 0  dropped 0 overruns 0  carrier 0  collisions 0"
BBBP,394,ifconfig,"        TX errors 0  dropped 0 overruns 0  carrier 0  collisions 0"
BBBP,384,ifconfig,"        TX packets 2062  bytes 379139 (370.2 KiB)"
BBBP,393,ifconfig,"        TX packets 7  bytes 384 (384.0 B)"
BBBP,113,fdisk-l,"Disklabel type: dos"
BBBP,126,fdisk-l,"Disklabel type: dos"
BBBP,444,/etc/fstab,"#   use  dphys-swapfile swap[on|off]  for that"
TOP,%CPU Utilisation
BBBP,156,/proc/cpuinfo,"CPU variant	: 0x0"
BBBP,166,/proc/cpuinfo,"CPU variant	: 0x0"
BBBP,176,/proc/cpuinfo,"CPU variant	: 0x0"
BBBP,186,/proc/cpuinfo,"CPU variant	: 0x0"
BBBP,246,/proc/version,"Linux version 4.19.97-v7+ (dom@buildbot) (gcc version 4.9.3 (crosstool-NG crosstool-ng-1.22.0-88-g8460611)) #1294 SMP Thu Jan 30 13:15:58 GMT 2020"
AAA,note0, Warning - use the UNIX sort command to order this file before loading into a spreadsheet
BBBP,250,/proc/net/dev," wlan0:       0       0    0    0    0     0          0         0        0       0    0    0    0     0       0          0"
DISKWRITE,Disk Write KB/s raspberrypi,mmcblk0,mmcblk0p1,mmcblk0p2,sda,sda1
